{
  "project_info": {
    "project_number": "763659502996",
    "project_id": "trainerlink-4dd4f382",
    "storage_bucket": "trainerlink-4dd4f382.firebasestorage.app"
  },
  "client": [
    {
      "client_info": {
        "mobilesdk_app_id": "1:763659502996:android:24966fc61064e71a5b3b81",
        "android_client_info": {
          "package_name": "com.trainerlink"
        }
      },
      "oauth_client": [],
      "api_key": [
        {
          "current_key": "AIzaSyApDbp6Toc1TofLi5ESHRjoGf8LEUFgW-4"
        }
      ],
      "services": {
        "appinvite_service": {
          "other_platform_oauth_client": []
        }
      }
    }
  ],
  "configuration_version": "1"
}